insight_id,updated_at,priority,area,claim_or_finding,evidence,why_it_matters,next_action,status,source_refs
KCI-001,2026-05-12,P0,Positioning,"Live positioning says owned offline artifacts; repo implementation still says v0 cloud-runtime pointers.","Live `https://kolm.ai/` claims signed artifacts that run offline; `README.md` says v0 `.kolm` files contain signed pointers; `src/compile.js` says Sprint 1 produces cloud-runtime artifacts; `src/artifact.js` writes pointer-only `model.gguf`.","This is the single highest trust gap. Buyers will compare promises to artifact contents.","Either narrow live copy to recipe-tier pointer artifacts or ship actual local runtime/weight packaging before using the full offline claim.","open","kolm-live-home; README.md; src/compile.js; src/artifact.js"
KCI-002,2026-05-12,P0,Security,"Receipts are implemented as HMAC today, not public-key signatures or Sigstore/Rekor anchored proofs.","`src/artifact.js` emits `signature_alg: hmac-sha256`; `src/router.js` verifies HMAC receipts; strategy docs call out future Sigstore/Rekor and Ed25519 needs.","Shared-secret receipts are useful for v0 but weak for third-party proof and enterprise audit.","Define receipt modes: dev HMAC, tenant HMAC, public Ed25519, Rekor-anchored. Ship public-key verifier before enterprise claims.","open","src/artifact.js; src/router.js; docs/SOTA-2026-05-11.md; sigstore-docs"
KCI-003,2026-05-12,P0,Security,"Recipe execution uses `node:vm` plus string scanning, which is not a production sandbox.","`src/verifier.js` says production should harden with isolated-vm or wasmtime and notes `node:vm` is not a hard boundary.","Untrusted recipe code is a severe security risk if customers or registry publishers can provide code.","Move untrusted JS to isolated-vm/microVM or constrain recipe language to declarative/WASM with Wasmtime.","open","src/verifier.js"
KCI-004,2026-05-12,P0,Infrastructure,"Durability is improved by optional SQLite, but default storage is still JSON and compile orchestration is still in-process.","`src/store.js` defaults `KOLM_STORE_DRIVER` to `json`; `src/compile.js` uses `const JOBS = new Map()` and persists job rows separately.","A multi-tenant compiler/registry cannot rely on process memory and local JSON under scale or multi-instance deploys.","Choose short-term production target: SQLite+WAL for single-node launch or Postgres+queue for public scale. Document the deployment ceiling.","open","src/store.js; src/compile.js; docs/SOTA-2026-05-11.md"
KCI-005,2026-05-12,P0,Product Proof,"K-score exists in code, but public benchmark credibility still depends on real hardware/runtime data.","`src/artifact.js` implements K-score formula; docs request hardware matrix against Core ML, LiteRT, ONNX Runtime, ExecuTorch, llama.cpp, MLC, cloud baselines.","Without benchmarks, the 'private AI compiler' claim reads like narrative rather than evidence.","Create benchmark harness and publish at least 5 repeatable workloads with latency, size, accuracy, receipt overhead, and device class.","open","src/artifact.js; docs/kolm-infra-business-strategy-report-2026-05-06.md; coreml-docs; litert-docs; onnx-runtime-mobile; executorch-docs"
KCI-006,2026-05-12,P0,GTM,"Healthcare/regulated-data wedge is stronger than generic developer positioning, but claims need BAA/DPA/subprocessor proof.","Prior strategy report recommends regulated mobile health; live home is broader; security/compliance pages exist but enterprise evidence is not yet complete.","The best buyer pain is privacy and auditability, but overclaiming HIPAA/EU AI readiness creates legal and trust risk.","Publish current-state compliance posture: no certification claims, DPA/BAA status, subprocessor list, receipt example, data retention limits.","open","docs/kolm-infra-business-strategy-report-2026-05-06.md; eu-ai-act-commission"
KCI-007,2026-05-12,P1,Competitive Strategy,"Gateways and routers are better integration targets than enemies.","Portkey, LiteLLM, Cloudflare AI Gateway, Vercel AI Gateway, and OpenRouter all sell routing, observability, cost controls, or provider abstraction.","They already sit in traffic. Kolm can be the artifact-first replacement route inside those products.","Build LiteLLM and Vercel AI SDK middleware first; then Portkey/Cloudflare integration docs.","open","portkey-docs; litellm-docs; cloudflare-ai-gateway-docs; vercel-ai-gateway-docs; openrouter-docs"
KCI-008,2026-05-12,P1,Competitive Strategy,"Observability/eval platforms own traces and evaluation workflows, not portable signed behavior artifacts.","LangSmith, Langfuse, Braintrust, Helicone, PromptLayer, Humanloop, Phoenix, and Weave focus on tracing, evals, prompts, experiments, dashboards, and datasets.","They are natural sources of examples and traces for compilation into `.kolm`, not direct replacements if Kolm proves artifact/receipt value.","Add import/export flows from Langfuse, Braintrust, LangSmith, and Helicone trace datasets.","open","langsmith-docs; langfuse-docs; braintrust-docs; helicone-docs; promptlayer-docs; humanloop-docs; phoenix-docs"
KCI-009,2026-05-12,P1,Competitive Strategy,"Fine-tuning vendors own training UX and hosted inference; Kolm's wedge is signed task artifacts plus governance.","Predibase, OpenPipe, Together, OpenAI, Hugging Face AutoTrain, Fireworks, and Replicate emphasize model customization and deployment.","Kolm should avoid saying it is simply better fine-tuning. It should package, gate, sign, govern, and route task behavior.","Define adapter/specialist packaging contract and a partner path to external training vendors until native training is mature.","open","predibase-docs; openpipe-docs; together-finetune-docs; openai-finetune-docs; hf-autotrain-docs"
KCI-010,2026-05-12,P1,Product Strategy,"On-device runtimes are substrate competitors only if Kolm claims to replace them.","Apple Core ML/Foundation Models, Google LiteRT, ONNX Runtime Mobile, ExecuTorch, llama.cpp, MLC, Ollama, and LM Studio provide local execution primitives.","Kolm's durable claim should be cross-runtime artifact packaging, evals, receipts, registry, and updates.","Publish target matrix: iOS/Core ML, Android/LiteRT, server/ONNX or llama.cpp, browser/WebGPU, edge/WASM. Mark unsupported targets plainly.","open","coreml-docs; apple-foundation-models; litert-docs; onnx-runtime-mobile; executorch-docs; ollama-docs"
KCI-011,2026-05-12,P1,Ecosystem,"MCP is complementary: it defines agent/tool context, not task artifact proof.","Official MCP docs define a protocol layer for connecting applications, tools, prompts, and resources to models.","A Kolm MCP server can make artifacts discoverable and runnable by agents while receipts remain Kolm's proof layer.","Prioritize MCP server docs and recipes: search artifact, run artifact, verify receipt, publish eval result.","open","mcp-docs; sdk/mcp/README.md"
KCI-012,2026-05-12,P1,Ecosystem,"OpenAI Structured Outputs solves schema adherence for generation, not artifact ownership or offline execution.","OpenAI docs describe schema-constrained model outputs; it remains provider/runtime-bound.","This is a buyer objection: 'why not JSON schema?' The answer is receipts, portability, local runtime, and registry governance.","Create a `vs-structured-outputs` comparison page or docs section with exact boundaries.","open","openai-structured-outputs"
KCI-013,2026-05-12,P1,Trust,"Registry value is not visible until real artifacts, eval sets, hashes, and receipts back listings.","Current docs and pages describe registry/leaderboard; source review indicates many surfaces exist but not enough real third-party artifacts.","A registry without proof looks like a gallery. A registry with signed evals becomes a moat.","Seed 8-12 first-party artifacts with reproducible evals and downloadable receipts before marketplace language.","open","public/registry.html; src/registry.js; docs/kolm-infra-business-strategy-report-2026-05-06.md"
KCI-014,2026-05-12,P1,Regulatory,"EU AI Act can support the auditability narrative, but legal obligations are risk-tiered and phased.","European Commission materials describe the AI Act as a risk-based framework with phased obligations.","Avoid blanket 'EU AI Act compliant' claims. Sell evidence generation and audit trails, not legal compliance guarantees.","Write an AI governance evidence pack page with legal disclaimers and example receipt exports.","open","eu-ai-act-commission; eu-ai-act-service-desk"
KCI-015,2026-05-12,P1,Developer Experience,"The CLI/SDK/MCP surfaces are real enough to be a strong wedge, but package naming and quickstart need one canonical path.","Repo has CLI, JS SDK, Python SDK, MCP server, GitHub action, Homebrew/Winget scripts, and many examples.","Distribution is a product advantage if a new user can compile/run/verify in 5 minutes from a clean machine.","Test a clean-machine quickstart and write a single canonical install path. Remove or demote legacy names.","open","README.md; cli/kolm.js; sdk/node; sdk/python; sdk/mcp"
KCI-016,2026-05-12,P2,Brand,"The strongest mental model is 'Docker image plus Sigstore for AI behavior', but it must be backed by conformance.","Prior docs use Docker/package/spec comparisons. Competitor set does not own this exact artifact+receipt lane.","This is memorable, but only defensible if `.kolm` has a stable spec and independent verification.","Publish RS-1 conformance tests and badge criteria before claiming standard ownership.","open","docs/rs-1.md; sigstore-docs; docs/SOTA-2026-05-11.md"
KCI-017,2026-05-12,P2,Market,"Observability platforms could clone 'compile repeated traces to cheap functions' faster than they can clone a standard and receipt ecosystem.","Langfuse/Braintrust/LangSmith/Helicone already collect trace datasets that can train or evaluate replacements.","Moat must move from synthesizer novelty to artifact format, registry network effects, conformance, and integrations.","Make trace-import integrations source-available and make the receipt verifier the non-clonable trust surface.","open","langfuse-docs; braintrust-docs; langsmith-docs; helicone-docs"
KCI-018,2026-05-12,P2,Product Roadmap,"Specialists/LoRA are high-ACV expansion, not the day-one proof loop.","`src/router.js` routes some specialist paths as preview/fallback; `src/compile.js` says LoRA training ships later.","Selling Specialists too early risks vaporware perception. Recipe-tier replacement plus receipts is enough for first proof.","Move Specialist copy to roadmap/preview until one end-to-end LoRA artifact exists.","open","src/router.js; src/compile.js; docs/TUNE.md"
KCI-019,2026-05-12,P2,Security,"API key/account lifecycle is improved but enterprise needs orgs, SSO, scoped keys, recovery, audit export, and retention controls.","README lists auth endpoints; strategy docs call out enterprise gaps.","Enterprise trust requires account governance, not only artifact cryptography.","Create enterprise readiness checklist mapped to routes, data model, and missing tables.","open","README.md; src/auth.js; docs/kolm-infra-business-strategy-report-2026-05-06.md"
KCI-020,2026-05-12,P2,Research Ops,"The knowledge base needs continuous competitor refresh because product surfaces are changing weekly across gateways, evals, agents, memory, and runtimes.","This first pass covers major clusters but not exhaustive pricing, funding, customer logos, GitHub velocity, or benchmark claims.","A static memo will decay quickly. The CSV and backlog should become the operating research loop.","Refresh top 25 competitors monthly, add pricing/traction columns, and update source register with retrieved dates.","open","source-register-2026-05-12.md; research-backlog-2026-05-12.md"
KCI-021,2026-05-12,P0,Architecture,"The API surface is broad but concentrated in one monolithic router.","`src/router.js` contains 86 inline route declarations and about 120 KB of mixed public, authenticated, admin, billing, compile, registry, bridge, and specialist logic.","A monolithic router makes auth boundary review, route documentation, and production-hardening harder as the surface grows.","Create a generated route manifest, then split routes by domain after P0 trust fixes.","open","src/router.js; codebase-module-inventory-2026-05-12.md; api-surface-inventory-2026-05-12.csv"
KCI-022,2026-05-12,P0,Product Proof,"Artifact fixture tests prove recipe-tier offline execution, not full local model ownership.","`tests/artifact-end-to-end.test.js` loads four `.kolm` fixtures, verifies signatures, runs evals, reports 0 egress, checks tenant params, audit callback, input cap, and tamper rejection.","This is strong evidence for deterministic recipe artifacts, but it should not be used as proof for LoRA/model-bearing mobile artifacts.","Create a public artifact evidence page that labels fixture tier and limitations precisely.","open","tests/artifact-end-to-end.test.js; src/artifact-runner.js; docs/benchmark-results-v0.1.0.md"
KCI-023,2026-05-12,P0,Trust,"Site tests explicitly ban several overclaims that still resemble live-home positioning.","`tests/site.test.js` forbids patterns like full self-contained mobile/runtime/compliance claims and old 'Compile your data into a model' copy; live `kolm.ai` still uses aggressive offline/model wording.","The test suite can become a claim-governance tool, but only if live deployment and local public files are aligned.","Run site tests before deploy and add live-site claim audit as a release gate.","open","tests/site.test.js; kolm-live-home; codebase-and-live-site-gap-review-2026-05-12.md"
KCI-024,2026-05-12,P1,Auth,"Tenant API keys are hashed at rest and legacy raw keys migrate on use, but account model is still single-tenant/key centric.","`src/auth.js` stores `api_key_hash` and `api_key_prefix`; `tests/auth-hash.test.js` verifies hashing, rotation, and legacy migration.","This is a real security improvement, but enterprise buyers will still ask for orgs, roles, SSO, scoped keys, recovery, and audit export.","Add an enterprise account model plan: orgs, users, roles, scoped keys, SSO/SAML, SCIM, recovery, and audit logs.","open","src/auth.js; tests/auth-hash.test.js"
KCI-025,2026-05-12,P1,Billing,"Stripe webhook helper is unit-covered, but subscription state is not yet a durable billing system.","`src/stripe.js` verifies webhook HMACs and maps cents to plans; `tests/stripe.test.js` covers helper behavior; route `/v1/stripe/webhook` exists in router.","A live SaaS needs webhook idempotency, event storage, retries, entitlement reconciliation, and plan drift checks.","Design billing tables/outbox and add a webhook idempotency test.","open","src/stripe.js; tests/stripe.test.js; src/router.js"
KCI-026,2026-05-12,P1,GTM,"The bridge/capture route family is the strongest near-term wedge because it can prove avoided frontier calls from real traces.","Routes exist for observations, suggestions, OpenAI/Anthropic capture, labels export, and auto-synthesis; competitor research shows gateways/observability tools already own traces.","This is the practical path from competitor traffic layers into Kolm artifacts.","Build a capture-to-suggestion-to-compile integration test and LiteLLM/Langfuse importer docs.","open","src/router.js; src/capture.js; api-surface-inventory-2026-05-12.csv; competitor-landscape-2026-05-12.md"
KCI-027,2026-05-12,P1,Observability,"Telemetry currently uses invocation counts as a lower-bound proxy for receipts verified.","`src/router.js` comments say receipt-bearing invocation count is used until a dedicated receipts table exists.","Dashboards that show receipts verified may overstate actual independent verification activity.","Add a receipts table or relabel telemetry as 'receipt-bearing runs' until verification events are persisted.","open","src/router.js"
KCI-028,2026-05-12,P1,Release Process,"A route manifest should become a release gate for auth classification.","The current API surface mixes public, auth, admin, webhook, and public-but-auth-bypassed routes; `authMiddleware` has a PUBLIC_API allowlist separate from route declarations.","Manual review can miss new unauthenticated or admin-sensitive endpoints.","Generate `api-surface-inventory` from source or maintain a checked route manifest with tests.","open","src/router.js; src/auth.js; api-surface-inventory-2026-05-12.csv"
KCI-029,2026-05-12,P0,Claim Governance,"Live `kolm.ai` is materially out of sync with the local repo and current code truth.","Live home claims offline model artifacts with model/LoRA/index, ed25519, public-registry anchoring, phone support, and on-chain receipts; live pricing/docs still use Recipe/REM Labs and old package/API names.","This is the clearest public trust risk: prospects can see claims that the codebase itself says are not shipped.","Fix local claim language, then redeploy home/pricing/docs from current Kolm-branded source; add live forbidden-pattern smoke test.","open","claim-governance-audit-2026-05-12.md; claim-audit-2026-05-12.csv; https://kolm.ai/"
KCI-030,2026-05-12,P0,Claim Governance,"Local FAQ and API pages overstate artifact contents and LoRA availability.","`public/faq.html` says `.kolm` includes base model and personal LoRA; `public/api.html` says compile fits LoRA and auto-distill trains LoRA; code marks LoRA as Sprint 3 and bridge-dependent.","FAQ/API pages are high-intent developer surfaces. Overclaims here create immediate implementation mismatch.","Rewrite FAQ/API into shipped vs preview sections with artifact-tier language.","open","public/faq.html; public/api.html; src/artifact.js; src/compile.js; src/router.js"
KCI-031,2026-05-12,P0,Claim Governance,"Mobile use-case page reads as shipped native mobile runtime despite its own preview caveat.","`public/use-cases/mobile.html` claims iPhone/Pixel support, tok/s ranges, React Native/Swift/Kotlin SDK, llama.cpp, ExecuTorch, offline receipts, while later noting RN module is preview and today browser-WASM via WebView.","Mobile claims are easy to falsify and expensive to support. They require device benchmark proof.","Move performance/SDK claims to target architecture until packages and benchmarks exist.","open","public/use-cases/mobile.html; claim-audit-2026-05-12.csv"
KCI-032,2026-05-12,P0,Claim Governance,"Healthcare SEO metadata overclaims HIPAA readiness even where body copy is more careful.","`public/healthcare.html` metadata says HIPAA-ready offline specialist and PHI never leaves device; body later says public product is not HIPAA certification.","Search snippets may be the first and only thing buyers or regulators see. Metadata must be as careful as the page body.","Change healthcare metadata and hero to 'enterprise design target/customer-controlled deployment', not HIPAA-ready.","open","public/healthcare.html; public/baa.html; claim-audit-2026-05-12.csv"
KCI-033,2026-05-12,P1,Claim Governance,"The safest offline claim is the public JS recipe-registry PWA, not full model runtime.","Live and local `/device` pages demonstrate public recipe source export, local JS functions, service worker, and no-network PWA mode.","This can be a credible proof wedge if clearly labeled recipe-registry mode.","Use `/device` as a scoped demo: 'public JS recipes run offline'; avoid implying private model/LoRA artifacts.","monitor","public/device.html; https://kolm.ai/device; src/router.js"
KCI-034,2026-05-12,P1,Release Process,"Site tests already encode claim policy, but they need live deployment coverage.","`tests/site.test.js` forbids patterns like HIPAA-ready, on-chain receipt anchoring, mobile SDK, zero runtime egress, fully self-contained, HMAC chain to registry, and stale Recipe branding.","The guardrail is valuable but local-only. Live pages can still drift or be stale.","Add a CI/deploy smoke that fetches key `kolm.ai` URLs and applies the forbidden claim set.","open","tests/site.test.js; claim-governance-audit-2026-05-12.md"
KCI-035,2026-05-12,P1,Competitors,"Gateways are converging on the same primitives Kolm might be tempted to claim.","Portkey, LiteLLM, Cloudflare AI Gateway, Vercel AI Gateway, OpenRouter, and Helicone document routing, fallback, retries, budgets, rate limits, caching, logs, and observability.","A generic gateway story is low-differentiation and will be compared against embedded or cheaper infrastructure.","Position Kolm as a post-gateway compiler that consumes gateway traces and emits verifiable artifacts.","open","competitor-evidence-matrix-2026-05-12.csv; competitor-positioning-gaps-2026-05-12.md"
KCI-036,2026-05-12,P1,Competitors,"Observability/eval vendors already own the trace-dataset-feedback loop.","LangSmith, Langfuse, Braintrust, Helicone, and PromptLayer document traces, datasets, prompts, evals, scorecards, production logs, and human review workflows.","Kolm should avoid becoming another weaker dashboard and instead use those systems as evidence sources.","Define importer fixtures for Langfuse, Braintrust, and LangSmith before adding more custom observability UI.","open","competitor-evidence-matrix-2026-05-12.csv; research-backlog-2026-05-12.md"
KCI-037,2026-05-12,P0,Product Truth,"LoRA/fine-tuning is not a credible public claim until artifact evidence exists.","Predibase, OpenPipe, Together AI, and Hugging Face AutoTrain document mature fine-tuning/customization paths; local Kolm code still marks LoRA as later bridge work.","LoRA claims make Kolm compete with fine-tuning providers while exposing a current implementation gap.","Split artifact tiers into recipe-only, recipe-plus-index, model-adapter, and native-runtime; mark LoRA roadmap until verified.","open","competitor-evidence-matrix-2026-05-12.csv; src/compile.js; src/artifact.js; claim-audit-2026-05-12.csv"
KCI-038,2026-05-12,P1,Competitors,"Memory and stateful-agent vendors already cover much of the personalization narrative.","Mem0, Zep, and Letta document long-term memory, temporal knowledge graphs, stateful agents, and production APIs.","Kolm recall-index and personalization language should be exact about what state is actually packaged.","Treat memory systems as compile inputs and document packaged memory/index metadata in the artifact schema.","open","competitor-evidence-matrix-2026-05-12.csv"
KCI-039,2026-05-12,P1,Architecture,"On-device runtime strategy should wrap existing substrates rather than imply a custom Kolm runtime.","Apple Foundation Models, Google LiteRT, PyTorch ExecuTorch, ONNX Runtime Mobile, llama.cpp, MLC, and Ollama already cover major local/on-device execution paths.","Phone/offline claims need runtime-specific proof; otherwise the site invites platform-support scrutiny Kolm cannot satisfy yet.","Choose one v1 runtime bridge and benchmark it before expanding device claims.","open","competitor-evidence-matrix-2026-05-12.csv; research-backlog-2026-05-12.md"
KCI-040,2026-05-12,P1,Standards,"MCP and Structured Outputs compress part of Kolm's recipe value unless Kolm has conformance proof and artifact semantics.","MCP standardizes tool/context/prompt connections; OpenAI Structured Outputs provides strict JSON Schema response constraints.","Vague protocol/schema claims are not a moat and can be replaced by provider-native features.","Add conformance checklists and position MCP/schema output as inputs or gates for artifacts.","open","source-register-2026-05-12.md; competitor-evidence-matrix-2026-05-12.csv"
KCI-041,2026-05-12,P0,Trust,"Public receipt verification needs public-key or transparency-log architecture, not HMAC-only receipts.","Sigstore/Rekor provide public signing/transparency-log patterns; Kolm currently uses HMAC receipt verification and live/local copy references stronger public/offline claims.","HMAC receipts cannot support public registry anchoring or offline third-party verification claims by themselves.","Design Ed25519 or Sigstore/Rekor-style receipt v0.2 before restoring public/offline verification language.","open","src/receipts.js; src/verifier.js; competitor-evidence-matrix-2026-05-12.csv; claim-audit-2026-05-12.csv"
KCI-042,2026-05-12,P0,Compliance,"Regulatory positioning needs a claim register mapped to deployment role, controls, and documentation.","EU AI Act/GPAI official sources remain implementation-sensitive; prior claim audit found HIPAA-ready and compliance language risks in public pages.","Broad compliance readiness claims can create legal and enterprise trust risk before evidence exists.","Maintain a compliance claim register and require review for HIPAA, EU AI Act, SOC 2, FedRAMP, and BAA language.","open","competitor-evidence-matrix-2026-05-12.csv; claim-governance-audit-2026-05-12.md; source-register-2026-05-12.md"
KCI-043,2026-05-12,P0,Product Truth,"A freshly generated `.kolm` proves recipe-tier artifacts, not model-bearing or LoRA artifacts.","The generated sample and all checked fixtures contain manifest, model pointer JSON, recipes, KOLMPACK behavior slot, KOLMIDX lookup slot, evals, HMAC signature, and HMAC receipt; manifests show tier recipe and runtime cloud.","This is the exact code truth public copy must use until a model-adapter or native-runtime tier ships.","Adopt artifact-tier vocabulary in docs and copy: recipe-only, recipe-plus-index, model-adapter, native-runtime.","open","artifact-truth-audit-2026-05-12.md; artifact-fixture-inventory-2026-05-12.csv"
KCI-044,2026-05-12,P1,Artifact Integrity,"The manifest K-score size can be stale relative to the final zip size.","Generated sample zip is 3689 bytes while manifest K-score size_bytes is 3591; checked fixtures differ by 64-68 bytes.","Exact K-score recomputation claims are weaker if the signed manifest stores a probe size rather than final artifact size.","Fix `buildAndZip` final-size mutation or add an explicit test and documented semantics.","open","artifact-truth-audit-2026-05-12.md; src/artifact.js; tests/artifact-end-to-end.test.js"
KCI-045,2026-05-12,P1,Testing,"Artifact end-to-end tests prove important runtime behavior but leave claim-critical gaps.","`node --test tests\\artifact-end-to-end.test.js` passed 23 tests, covering fixture load, signature validation, eval pass, benchmark zero egress, tenant params, audit callback, input cap, and tamper rejection.","The suite does not verify final K-score size equality, public-key verification, or model/LoRA contents.","Add exact-size, receipt-mode, and artifact-member semantic assertions to the artifact test suite.","open","artifact-truth-audit-2026-05-12.md; tests/artifact-end-to-end.test.js"
KCI-046,2026-05-12,P0,Claim Governance,"Artifact member names are stronger than their current contents.","`model.gguf` is a JSON pointer, `lora.bin` is a KOLMPACK behavior container, and `index.sqlite-vec` is a KOLMIDX JSON lookup container in v0.1.","The filenames can make screenshots, docs, or sales copy imply real weights, LoRA, or sqlite-vec even when the implementation is recipe-tier.","Either rename the v0.1 members or label them aggressively in docs and inspect output.","open","artifact-truth-audit-2026-05-12.md; src/artifact.js; src/artifact-runner.js"
KCI-047,2026-05-12,P0,Trust,"Current receipt verification is symmetric HMAC, not independent public verification.","A local smoke showed `/v1/receipts/verify` verifies a v0.1 artifact receipt with the same `RECIPE_RECEIPT_SECRET`; standalone checking passes with the correct secret and fails with a wrong secret.","Anyone-can-verify-offline language is false unless the verifier has the shared secret or a public-key receipt mode exists.","Rewrite receipt copy to 'HMAC-verifiable by the issuer or shared-secret holder' until Ed25519 or equivalent ships.","open","receipt-verification-truth-2026-05-12.md; receipt-verification-matrix-2026-05-12.csv; src/router.js; src/artifact.js"
KCI-048,2026-05-12,P1,Runtime,"Local `runArtifact` returns unsigned run metadata, not a cryptographic per-run receipt.","`src/artifact-runner.js` returns `rs-1-run` with artifact_job_id, recipe_id, version_id, and ran_at, but no HMAC/signature.","Artifact-local execution can be audited, but current per-run proof is weaker than API `/v1/run` HMAC receipts.","Design signed local-run receipts or avoid calling local run metadata cryptographic proof.","open","receipt-verification-truth-2026-05-12.md; src/artifact-runner.js"
KCI-049,2026-05-12,P1,API,"The public receipt verifier endpoint is public access to server-held HMAC verification, not public-key validation.","`/v1/receipts/verify` requires no auth but recomputes artifact, legacy, and drive-by signatures with `RECEIPT_SECRET`.","Public endpoint availability can be mistaken for third-party cryptographic independence.","API docs should distinguish unauthenticated verification service from independent offline verification.","open","receipt-verification-matrix-2026-05-12.csv; src/router.js"
KCI-050,2026-05-12,P1,Release Process,"Receipt readiness is an operational gate for production truth.","`effectiveReceiptSecret` rejects missing/weak production secrets; e2e coverage expects `/v1/receipts/verify` to 503 without a configured secret.","A deployment can serve marketing pages while receipt verification is unavailable or degraded.","Add live `/v1/receipts/verify` readiness smoke and expose receipt mode/status in operator diagnostics.","open","receipt-verification-truth-2026-05-12.md; src/env.js; tests/e2e.test.js"
KCI-051,2026-05-12,P1,Infrastructure,"The minimum production-ready profile is strong receipt secret plus SQLite or explicit JSON-store override plus writable data/artifact paths.","The readiness matrix shows production without a receipt secret blocks; weak receipt secret blocks; default JSON without `KOLM_ALLOW_JSON_STORE=true` blocks; SQLite and JSON override profiles can pass.","Deployability claims need to include the exact accepted profile and its durability limits.","Publish a v0 production profile and make `/ready` part of deploy smoke.","open","deployment-readiness-truth-2026-05-12.md; deployment-readiness-matrix-2026-05-12.csv; src/env.js"
KCI-052,2026-05-12,P1,Testing,"Readiness code and auth test disagree about missing artifact storage.","`runtimeReadiness()` reports ready when `KOLM_ARTIFACT_DIR` is missing but temp fallback is writable; `node --test tests\\auth.test.js` fails at line 89 expecting not_ready.","A green readiness gate may allow expiring compiled artifact downloads even though tests/documentation expect durable storage.","Decide whether temp artifact fallback is production-acceptable, then update code or test.","open","deployment-readiness-truth-2026-05-12.md; src/env.js; tests/auth.test.js"
KCI-053,2026-05-12,P1,Infrastructure,"`KOLM_ALLOW_JSON_STORE=true` can make production readiness pass, but it is only a temporary single-node story.","The readiness matrix shows strong secret plus JSON override plus writable dirs returns ready in production-like mode.","This can be useful for launch speed but should not be sold as durable multi-tenant infrastructure.","Label JSON override as temporary/single-node and prioritize SQLite/Postgres plus queue for public scale.","open","deployment-readiness-matrix-2026-05-12.csv; src/env.js; src/store.js"
KCI-054,2026-05-12,P2,Infrastructure,"The SQLite readiness profile works in this environment but relies on experimental Node sqlite support.","The readiness matrix returned ready for `KOLM_STORE_DRIVER=sqlite`, and Node emitted an ExperimentalWarning for SQLite.","Operational docs should not hide runtime support risk from production deployers.","Document Node version/runtime requirements and consider a Postgres driver for public SaaS scale.","open","deployment-readiness-truth-2026-05-12.md; src/env.js; src/store.js"
KCI-055,2026-05-12,P1,Pricing,"Gateway pricing is too cheap or pass-through for Kolm to monetize generic proxy traffic.","Portkey lists a low production plan; Cloudflare offers core AI Gateway features free; Vercel AI Gateway uses no-markup pay-as-you-go; OpenRouter uses transparent platform/BYOK fees.","A token markup or generic gateway subscription will be compared against cheaper incumbent options.","Make gateways acquisition/import surfaces and charge for compiled artifacts, receipts, registry, and governance.","open","pricing-competitor-matrix-2026-05-12.csv; pricing-and-packaging-implications-2026-05-12.md"
KCI-056,2026-05-12,P1,Pricing,"Observability/eval pricing anchors around units, retention, seats, security, and support, not artifact proof.","Langfuse, Helicone, Braintrust, and PromptLayer publish free/low-entry plans with paid retention, usage, security, and enterprise features.","Kolm should not compete as another trace dashboard unless it turns traces into accepted artifacts.","Price artifact release governance and import from observability systems instead of charging for raw traces.","open","pricing-competitor-matrix-2026-05-12.csv"
KCI-057,2026-05-12,P1,Pricing,"Fine-tuning providers expose token/GPU economics that make unproven LoRA pricing risky.","Predibase and Together publish fine-tuning, private inference, GPU, and token pricing; Kolm does not yet ship a model-adapter artifact tier.","Charging like fine-tuning infrastructure before shipping model adapters invites direct unfavorable comparison.","Keep fine-tuning as integration/export until `model-adapter` artifacts are real and benchmarked.","open","pricing-competitor-matrix-2026-05-12.csv; artifact-truth-audit-2026-05-12.md"
KCI-058,2026-05-12,P1,GTM,"The strongest paid unit is retained artifact proof, not local runtime usage.","Pricing research suggests Kolm can defend compile jobs, accepted artifacts, private registry, receipt retention, policy gates, and enterprise controls; charging for local runs would undercut the local artifact promise.","Pricing must reinforce 'compile once, run locally' while still funding governance infrastructure.","Test packages around compile volume, artifact-months, receipt retention, and org controls.","open","pricing-and-packaging-implications-2026-05-12.md; research-backlog-2026-05-12.md"
KCI-059,2026-05-12,P0,Security,"`node:vm` cannot be the production trust boundary for untrusted recipes.","Official Node docs say `node:vm` is not a security mechanism; current `src/verifier.js` uses `node:vm`, a string denylist, and cooperative timeout.","Public-registry or customer-supplied JS recipes could become a code-execution vulnerability if treated as sandboxed.","Limit current JS execution to trusted/curated recipes and add explicit artifact trust levels.","open","sandbox-hardening-decision-2026-05-12.md; sandbox-option-matrix-2026-05-12.csv; src/verifier.js"
KCI-060,2026-05-12,P1,Security,"`isolated-vm` is a transitional hardening option, not a complete hostile-code answer.","isolated-vm offers V8 isolates but its project status says maintenance mode; its security notes warn that leaked host references can grant process control and hostile/OOM workloads can still crash the process.","Using isolated-vm alone could create false confidence while preserving same-process blast radius.","Only evaluate isolated-vm with strict wrappers, process supervision, and no host object leakage.","open","sandbox-option-matrix-2026-05-12.csv"
KCI-061,2026-05-12,P1,Architecture,"Wasmtime/WASM is the strongest fit for portable untrusted artifact execution.","Wasmtime/WebAssembly sources emphasize sandboxed execution, explicit imports, linear-memory isolation, and WASI capability-based filesystem access.","A WASM/DSL recipe target would align security with Kolm's portable artifact story better than arbitrary JS.","Prototype compiling current fixture recipes to a WASM-safe or DSL-safe target.","open","sandbox-hardening-decision-2026-05-12.md; research-backlog-2026-05-12.md"
KCI-062,2026-05-12,P1,Infrastructure,"Hosted arbitrary-code execution belongs behind a worker boundary such as Deno Sandbox, gVisor, or Firecracker, not the artifact-local runner.","Deno Sandbox, gVisor, and Firecracker sources all point toward microVM/container defense for untrusted or AI-generated workloads.","This changes cost, latency, deployment, and offline claims, so it should be a server-side compile/eval worker tier rather than v0 local runtime behavior.","Separate hosted compile/test sandbox architecture from local artifact run architecture.","open","sandbox-option-matrix-2026-05-12.csv; sandbox-hardening-decision-2026-05-12.md"
KCI-063,2026-05-12,P0,Security,"`/v1/anon/claim` can issue a fresh API key for an existing tenant identified only by email.","A local smoke created a real tenant, minted an anon token, claimed the victim email, and received `mode: merged`, a usable `ks_` key, and `oldStillWorks: false`.","This is account takeover if an attacker has any valid anon token and knows or guesses a customer email.","Disable existing-email anon merge until the claimant proves email control through magic link, OAuth, or an authenticated session.","open","auth-boundary-audit-2026-05-12.md; auth-boundary-matrix-2026-05-12.csv; src/auth.js"
KCI-064,2026-05-12,P1,Security,"API keys are accepted in query strings via `req.query.api_key`.","A local smoke against `/v1/account?api_key=...` returned 200 for a valid tenant key.","Query credentials leak through logs, browser history, referrers, analytics, screenshots, and support workflows.","Deprecate query API keys and require `Authorization`, `X-API-Key`, or httpOnly session cookies.","open","auth-boundary-audit-2026-05-12.md; src/auth.js"
KCI-065,2026-05-12,P1,Security,"Public route policy is split between file-order placement and `PUBLIC_API` middleware bypasses.","Route extraction found 17 public-by-placement routes before `r.use(authMiddleware)`, 4 public-by-allowlist routes after it, and 67 protected-by-global routes.","Unauthenticated surface can expand silently because not every public route appears in a single allowlist.","Generate an auth route manifest and fail tests when public/protected status changes unexpectedly.","open","auth-boundary-matrix-2026-05-12.csv; src/router.js; src/auth.js"
KCI-066,2026-05-12,P1,Security,"`/v1/public/run` is unauthenticated runtime execution without an explicit route limiter.","The route is before global auth, calls `runtime.runVersion` or `runtime.runConcept`, builds receipts by default, and is absent from the explicit limiter list.","Public runtime execution can become an abuse and cost surface independent of tenant quota controls.","Add a public-run limiter, input caps, and tests for unauth access, private-concept denial, and rate limiting.","open","auth-boundary-audit-2026-05-12.md; src/router.js"
KCI-067,2026-05-12,P1,Security,"Public registry export must be tied to recipe trust levels before untrusted JS is treated as portable runtime code.","`/v1/registry/export` is public and returns executable source for every public recipe while sandbox research shows `node:vm` is not a production trust boundary.","The offline registry story can amplify code-execution risk if public recipes are not curated, signed, and trust-labeled.","Gate public export by artifact trust level and align with the Wasmtime/sandbox roadmap.","open","auth-boundary-matrix-2026-05-12.csv; sandbox-hardening-decision-2026-05-12.md"
KCI-068,2026-05-12,P1,Auth,"Browser sessions and long-lived API keys are coupled too tightly.","OAuth sign-in rotates the existing tenant API key for a browser cookie, and `authMiddleware` prefers cookie credentials over explicit API headers.","CLI keys can be invalidated by browser sign-in, and mixed cookie/header requests can hit the wrong tenant.","Separate browser session tokens from long-lived API keys, or reject ambiguous mixed-credential requests.","open","auth-boundary-audit-2026-05-12.md; src/oauth.js; src/auth.js"
KCI-069,2026-05-12,P1,Privacy,"`/v1/account/delete` is account deactivation, not tenant data deletion.","Local smoke deleted a tenant, confirmed the key stopped working, but found the tenant's public and private concepts still stored and the public concept still readable with HTTP 200.","Customer expectations, privacy language, and enterprise deletion commitments will be wrong if delete does not purge or anonymize data.","Rename the endpoint/copy to deactivate or implement documented deletion across concepts, versions, observations, invocations, artifacts, cache, submissions, and public records.","open","tenant-data-lifecycle-audit-2026-05-12.md; tenant-data-isolation-matrix-2026-05-12.csv"
KCI-070,2026-05-12,P1,Security,"Recall source preview has a path-prefix tenant escape.","`/v1/recall/sources/:id(*)` checks `full.startsWith(lookupRoot)`; a local path smoke showed sibling `tenant2` passes for base `tenant`.","A tenant could read another tenant's sidecar preview when directory names share a prefix and path traversal is encoded through the route id.","Replace raw prefix checks with a shared path-inside helper and add Windows/POSIX traversal tests.","open","tenant-data-lifecycle-audit-2026-05-12.md; src/router.js"
KCI-071,2026-05-12,P1,Privacy,"Runtime cache writes outside the configured data lifecycle.","`src/cache.js` writes L2 cache files to `data/cache` rather than `KOLM_DATA_DIR` except on serverless.","Cached outputs can persist outside configured storage, retention, backup, and deletion controls.","Move cache under `KOLM_DATA_DIR` or `KOLM_CACHE_DIR`, document retention, and invalidate cache entries on tenant deletion.","open","tenant-data-isolation-matrix-2026-05-12.csv; src/cache.js"
KCI-072,2026-05-12,P1,Privacy,"Some lineage and specialist analytics aggregate by concept id without tenant filtering.","`/v1/recipes/:id/lineage` and `/v1/bridges/specialist-candidates` count observations/invocations/specialists/corpus jobs by concept id after concept authorization.","Public/shared concepts can expose cross-tenant usage aggregates or model sets without being labeled as public aggregate telemetry.","Filter aggregates by tenant or explicitly label and permission global public-usage analytics.","open","tenant-data-isolation-matrix-2026-05-12.csv; src/router.js"
KCI-073,2026-05-12,P1,Privacy,"Capture proxy persists prompt/response payloads without visible retention or redaction controls.","Capture routes do not persist upstream keys, but they store prompts up to 8000 chars and responses up to 16000 chars in `observations`.","Capture is likely to ingest sensitive customer data; enterprise claims need retention, redaction, export, and deletion controls.","Add namespace retention, redaction-before-persist, export/delete controls, and cross-tenant capture tests before selling governed capture.","open","tenant-data-lifecycle-audit-2026-05-12.md; src/router.js"
KCI-074,2026-05-12,P0,Billing,"Stripe checkout can activate a pending paid tier even when the paid amount does not match the plan.","A signed local webhook smoke used `amount_total:1234` with `pending_plan: enterprise`; the tenant was upgraded to enterprise with quota 10000000.","This can leak paid entitlements or enterprise quota if Payment Links or alternate Stripe sessions are misconfigured.","Require Stripe Price/Product/metadata or exact amount to match the pending plan; remove standalone `pending_plan` fallback.","open","billing-plan-enforcement-audit-2026-05-12.md; billing-plan-enforcement-matrix-2026-05-12.csv"
KCI-075,2026-05-12,P1,Billing,"`/v1/compile` completes without charging usage.","A local `/v1/compile?sync=1` smoke completed a job and left tenant `usedAfter:0`; the route has no `chargeUsage` call.","The core paid product should be compile/artifact governance, but the core compile path is currently free after auth.","Introduce compile credits or artifact billing and make accepted artifacts the primary paid event.","open","billing-plan-enforcement-audit-2026-05-12.md; pricing-and-packaging-implications-2026-05-12.md"
KCI-076,2026-05-12,P1,Billing,"Plan enforcement is mostly quota-only while pricing sells many ungated features.","Code stores quotas and seats, but no enforcement was found for private artifact counts, seats, SSO, SCIM, project scopes, audit logs, BAA, support, or enterprise controls.","Paid users can see promises that the product cannot enforce, and non-paying users may access preview surfaces not reflected in packaging.","Create an entitlement matrix and gate or relabel every priced feature as shipped, preview, manual, or roadmap.","open","billing-plan-enforcement-matrix-2026-05-12.csv; public/pricing.html"
KCI-077,2026-05-12,P1,Billing,"Billing/account docs drift from route behavior.","Static API/account pages disagree with code on cancel timing, delete semantics, Pro quota/seats, Business seats, quota status code, and change-plan response shape.","Billing drift breaks customer automations and creates immediate support/trust issues.","Generate docs from plan fixtures and route snapshots; fix cancel/delete copy to match code or code to match copy.","open","billing-plan-enforcement-audit-2026-05-12.md; public/api.html; public/account.html"
KCI-078,2026-05-12,P1,Billing,"Quota accounting is non-atomic and misses several expensive routes.","`chargeUsage` writes from the stale request tenant object; compile, verify, recall, embed, capture, specialist training, and public run do not charge usage.","Concurrent paid usage can be undercounted, and expensive product surfaces can bypass quota entirely.","Move to usage ledger or atomic increments and create a route-to-billing test matrix.","open","billing-plan-enforcement-matrix-2026-05-12.csv; src/auth.js; src/router.js"
KCI-079,2026-05-12,P2,Billing,"Stripe webhook behavior has route-level test gaps beyond helper tests.","`tests/stripe.test.js` covers helper functions, but no tests cover Express raw body handling, signup pending flow, change-plan, webhook route success/failure, cancel, delete, or quota status.","Helper tests can pass while production billing flows regress.","Add `billing-routes.test.js` with signed webhook fixtures and docs-shape snapshots.","open","billing-plan-enforcement-audit-2026-05-12.md; tests/stripe.test.js"
KCI-080,2026-05-12,P0,SDK,"The browser SDK shipped in `public/sdk.js` and every versioned `public/sdk-*.js` asset is syntax-invalid.","`node --check` fails at line 18 with `Unexpected token ':'` for `sdk.js`, `sdk-c102c349da28.js`, `sdk-4d6d60e67927.js`, and `sdk-ef22b94a7a38.js`.","The advertised `https://kolm.ai/sdk.js` import path cannot load, blocking a major developer entry point.","Fix syntax, add browser SDK syntax/import smoke to CI, and rebuild `sdk-current.json` only after passing checks.","open","sdk-cli-integration-audit-2026-05-12.md; public/sdk.js"
KCI-081,2026-05-12,P1,SDK,"Public recipe convenience helpers call the protected runtime without auth.","A mocked Node SDK smoke showed `recipe.isSpam()` calls `/v1/public/featured` then unauthenticated `/v1/run`, which returns 401; MCP named recipe run follows the same pattern.","No-key public curated recipe examples will fail for Node SDK and MCP users.","Route curated public helpers through `/v1/public/run` with `concept_id`; reserve `/v1/run` for authenticated/private runs.","open","sdk-cli-integration-matrix-2026-05-12.csv; sdk/node/index.mjs; sdk/mcp/server.mjs"
KCI-082,2026-05-12,P1,SDK,"Python SDK request and CLI contracts are out of sync with current server and root CLI.","Python batch posts `recipes` instead of `items`, verify posts `examples` instead of `positives`, public run sends `name`/`recipe_id`, compile fallback expects `id` instead of `job_id`, and CLI bridge uses unsupported flags.","Python users can hit broken paths even when the server is healthy.","Update Python clients from generated API fixtures and add mocked contract tests.","open","sdk-cli-integration-audit-2026-05-12.md; sdk/python"
KCI-083,2026-05-12,P1,DX,"Install and package names are fragmented across root CLI, Node SDK, MCP, Python SDK, README, and public docs.","Root package is private `kolmogorov-stack`; docs mention `@kolmogorov/kolm` and `@kolm/cli`; Node SDK is `@kolmogorov/kolm-sdk`; MCP depends on a legacy recipe-scoped package name; Python metadata is `kolm` but README uses a legacy recipe PyPI name.","Developers will try the wrong package names and lose trust before reaching a working quickstart.","Choose canonical package identities and remove or relabel unpublished install commands.","open","sdk-cli-integration-matrix-2026-05-12.csv; README.md; public/docs.html"
KCI-084,2026-05-12,P1,SDK,"Python Recipe client and README still default to the old Railway host.","`sdk/python/recipe/client.py` and README signup examples use the legacy Railway production host rather than `https://kolm.ai`.","SDK traffic can bypass the branded production host and drift from live code/copy.","Default all SDKs/docs to `https://kolm.ai` and keep old hosts only as explicit migration overrides.","open","sdk-cli-integration-matrix-2026-05-12.csv; sdk/python/recipe/client.py"
KCI-085,2026-05-12,P2,Testing,"SDK tests are not reliable package tests.","Node SDK live smoke failed 0 pass / 9 fail without localhost:3939; Python syntax could not be verified because Python is not installed in this workspace.","SDK breakage can ship because tests either require an external server or are absent from CI in the available environment.","Add fetch-mocked unit tests, opt-in live contract tests, and Python CI with byte-compile/import checks.","open","sdk-cli-integration-audit-2026-05-12.md; sdk/node/test/sdk.test.mjs; sdk/python/tests/test_sdk.py"
KCI-086,2026-05-12,P1,Testing,"CI does not run the canonical root test suite.","`cmd /c npm test` currently reports 53 pass / 1 fail, while `.github/workflows/lint.yml` and `.github/workflows/smoke.yml` do not run `npm test`.","Pull requests can pass required automation while the repo's own test command is red.","Make `npm test` a required CI gate after resolving the readiness semantics failure.","open","ci-test-deploy-health-matrix-2026-05-12.csv; .github/workflows/lint.yml; .github/workflows/smoke.yml"
KCI-087,2026-05-12,P1,Testing,"Browser SDK syntax is not protected by CI or root tests.","`node --check public/sdk.js` and versioned SDK files fail, while the live smoke script only checks HTTP headers and marker strings.","The advertised browser import can ship broken even when smoke is green.","Add browser SDK syntax, import, worker, and SRI manifest checks to CI and root tests.","open","ci-test-deploy-health-audit-2026-05-12.md; public/sdk.js; scripts/smoke-live.sh"
KCI-088,2026-05-12,P1,Deploy,"The reusable GitHub compile action does not match the current CLI cloud compile contract.","The action invokes compile with stale flags/output assumptions and parses JSON fields the cloud compile path does not emit as stable output.","Artifact automation can fail or upload a null path even when the CLI and API are healthy.","Update the action to current flags and stable JSON output, then add an action contract test.","open","ci-test-deploy-health-matrix-2026-05-12.csv; .github/actions/kolm-compile/action.yml; cli/kolm.js"
KCI-089,2026-05-12,P1,Deploy,"Production deploy config splits static hosting from API origin and uses weak readiness gates.","`vercel.json` proxies API/readiness traffic to legacy Railway infrastructure, while `railway.toml` deploy health checks `/health` instead of `/ready`.","Fresh static pages can be served with API behavior from another origin, and unhealthy production dependencies can pass deploy health.","Choose one production origin or explicit proxy target, and use strict readiness for deploy promotion after readiness semantics are fixed.","open","ci-test-deploy-health-audit-2026-05-12.md; vercel.json; railway.toml"
KCI-090,2026-05-12,P1,Deploy,"Runtime versions and production entrypoints drift across CI, Docker, and local verification.","GitHub workflows use Node 20, Docker pins Node 22 and runs `node server.js`, while `npm start` runs the SDK-version build step first and local tests ran on a newer Node.","Deployments can differ in generated SDK assets, SQLite behavior, and runtime compatibility.","Pin or matrix supported Node versions and align Docker/Railway/Vercel entrypoints on one production start contract.","open","ci-test-deploy-health-matrix-2026-05-12.csv; Dockerfile; package.json; .github/workflows"
KCI-091,2026-05-12,P1,Testing,"The highest-risk auth, billing, tenant, and public-runtime findings lack regression tests.","No root tests cover anon claim proof, query API keys, route auth manifests, billing route/webhook flows, account deletion lifecycle, recall path containment, or public-run abuse controls.","Known P0/P1 issues can return unnoticed after manual fixes.","Create focused route/security regression suites before expanding public launch traffic.","open","ci-test-deploy-health-audit-2026-05-12.md; auth-boundary-audit-2026-05-12.md; billing-plan-enforcement-audit-2026-05-12.md"
KCI-092,2026-05-12,P0,Compliance,"Deletion and retention promises are ahead of implementation.","Privacy/BAA pages promise 30-day deletion/certification and 90-day job metadata deletion, but code soft-deletes tenants and has no retention, purge, or certification workflow.","Regulated contracts and privacy policy language can become false as soon as sensitive data is processed.","Implement tenant purge/export/certification and retention jobs, or narrow public/legal language to current soft-delete behavior.","open","compliance-security-posture-audit-2026-05-12.md; tenant-data-lifecycle-audit-2026-05-12.md"
KCI-093,2026-05-12,P1,Compliance,"The audit-log product surface is marketed beyond the shipped endpoint.","`/audit-log` describes durable per-tenant JSON/CSV logs and opt-in behavior, but `/v1/audit/log` returns a 503 beta envelope and no `/v1/account/audit-log` route exists.","Regulated buyers can expect a core audit feature that is not available.","Ship durable audit logging and opt-in/export routes or make the page visibly beta and remove missing instructions.","open","compliance-security-posture-matrix-2026-05-12.csv; public/audit-log.html; src/router.js"
KCI-094,2026-05-12,P1,Privacy,"Capture proxy stores raw prompt and response text without matching purge controls.","Capture routes do not persist upstream keys, but they store prompt text up to 8000 chars and response text up to 16000 chars; the documented observation purge route is absent.","Sensitive customer data can be retained while public pages imply delete control and opt-in semantics.","Add capture redaction, opt-out, retention, namespace purge, and observation purge tests before selling capture governance.","open","compliance-security-posture-audit-2026-05-12.md; src/router.js"
KCI-095,2026-05-12,P1,Security,"Supply-chain trust claims lack local release artifacts or workflows.","Security page says Sigstore is live, Cosign signatures exist, SBOMs are published, and release tags produce provenance, but no matching workflows/files were found.","Procurement/security reviewers can invalidate the trust story quickly.","Add release signing, SBOM, provenance, and verification workflows or mark those claims as planned.","open","compliance-security-posture-matrix-2026-05-12.csv; public/security.html; .github/workflows"
KCI-096,2026-05-12,P1,Compliance,"Healthcare and legal pages blur architecture target with current hosted behavior.","Public pages say PHI/client documents stay inside customer boundaries, but customer-hosted bridges are still an Enterprise design path and hosted compile/capture can receive/store sensitive data.","Regulated buyers may send sensitive data to hosted routes before the BAA/deployment boundary is real.","Add hosted-service limitations and shipped/manual/planned labels to regulated vertical pages.","open","compliance-security-posture-audit-2026-05-12.md; public/healthcare.html; public/legal.html"
KCI-097,2026-05-12,P1,Compliance,"DPA/subprocessor language needs an implemented control register.","BAA/DPA page aligns with GDPR Article 28 categories, but operational controls for export, erasure, audit logs, subprocessor notice, and retention remain incomplete.","Signing DPA/BAA language before controls exist creates operational and contractual exposure.","Create a subprocessor/data-map register and DPA control checklist tied to implemented routes and manual procedures.","open","compliance-security-posture-matrix-2026-05-12.csv; public/baa.html"
KCI-098,2026-05-12,P2,Security,"Disclosure mechanics are present but not fully usable.","`security.txt` exists, but PGP key material is unverified/descriptive, `.asc` is absent, and the paid-bounty/hall-of-fame page is not routed.","Security researchers may be unable to encrypt reports or understand bounty terms.","Publish an actual armored public key, add expiry/import tests, and publish bounty/acknowledgment terms.","open","compliance-security-posture-audit-2026-05-12.md; public/.well-known/security.txt; public/.well-known/pgp-key.txt"
KCI-099,2026-05-12,P1,Docs,"The public API reference is not the API source of truth.","`public/api.html` claims every endpoint/schema but documents 25 paths while `src/router.js` exposes 84 `/v1` route declarations.","Developers, SDKs, and agents will miss product-critical routes or rely on partial docs.","Generate `/api`, README inventory, and SDK fixtures from a route manifest/OpenAPI source.","open","api-docs-contract-drift-audit-2026-05-12.md; public/api.html; src/router.js"
KCI-100,2026-05-12,P1,Docs,"Account and billing API examples disagree with route behavior.","Docs for account, change-plan, cancel, and delete differ from code on response fields, pending-plan semantics, cancellation timing, and server-side delete confirmation.","Customer billing integrations and dashboards can break or show incorrect state.","Reconcile account/billing route semantics and add docs snapshot tests for response shapes.","open","api-docs-contract-matrix-2026-05-12.csv; billing-plan-enforcement-audit-2026-05-12.md"
KCI-101,2026-05-12,P1,Docs,"Error and authentication semantics are over-normalized in docs.","API docs promise `{error, code, request_id}` JSON errors and simple bearer auth, while code returns ad hoc errors/text and accepts headers, cookies, and query keys.","SDKs cannot implement reliable error handling or secure auth guidance from docs alone.","Standardize error middleware and auth docs, or generate route-specific error/auth metadata.","open","api-docs-contract-drift-audit-2026-05-12.md; auth-boundary-audit-2026-05-12.md"
KCI-102,2026-05-12,P1,Docs,"Compile, registry, and receipt docs have concrete contract mismatches.","Docs use `cmp_` ids/statuses, NDJSON registry export, and 409/410 receipt errors; code uses `job_` ids/statuses, JSON registry envelope, and 200 invalid receipt envelopes/503 missing secret.","Core developer workflows can fail at parse and polling time.","Generate compile/registry/receipt examples from executable fixtures and define union response schemas.","open","api-docs-contract-matrix-2026-05-12.csv; src/compile.js; src/router.js"
KCI-103,2026-05-12,P1,Docs,"Docs examples are not executable contract tests.","Static tests validate links/encoding but do not execute or snapshot API examples from `/api` and `/docs`.","Docs can drift while root tests stay green.","Add docs contract tests that run representative examples locally and compare generated snapshots.","open","api-docs-contract-drift-audit-2026-05-12.md; tests/site.test.js"
KCI-104,2026-05-12,P1,Docs,"Product-critical public and lifecycle APIs are absent from `/api`.","`/api` omits anon bootstrap/claim, public concepts/run/featured, synthesize, concepts, recipes, specialists, bridges, admin, telemetry, public submit, audit log, and memory recall routes.","Users cannot discover the actual product lifecycle from the official API page.","Add route sections with maturity labels: public, authenticated, admin, webhook, preview, internal, legacy.","open","api-docs-contract-matrix-2026-05-12.csv; src/router.js"
KCI-105,2026-05-12,P1,Benchmarks,"Artifact benchmarks and SWE-bench reproducer claims are still easy to conflate.","`/benchmarks` documents `.kolm` fixture benchmarks while `/articles/how-we-benchmark` and `kolm bench --reproduce` document a separate Opus/SWE-bench story under the same benchmark umbrella.","Buyers can transfer SWE-bench lift credibility to artifact-local benchmark claims or vice versa.","Separate artifact benchmark and SWE-bench reproducer navigation, schemas, and evidence bundles.","open","benchmark-reproducibility-audit-2026-05-12.md; public/benchmarks.html; public/articles/how-we-benchmark.html"
KCI-106,2026-05-12,P1,Benchmarks,"The shipped SWE-bench local reproducer is not a complete reproducer for the headline.","`bench/run.py` states the full implementation lives externally and its checked-in `evaluate_patch` returns false for every patch.","A user can build the local Docker path and fail to reproduce the published +10.67pp lift by design.","Complete the local evaluator wiring or label the bundled reproducer as a report-shape sketch until the full source/image is public and pinned.","open","benchmark-reproducibility-matrix-2026-05-12.csv; bench/run.py; bench/README.md"
KCI-107,2026-05-12,P1,K-score,"K-score schema drift splits public fixture proof from the current gate.","Current code implements a 0..1 `k-score-1` with `ships` and `gate`, but checked-in fixtures and public fixture tables still report hundreds-scale composites such as 424.57.","CI policies, customer comparisons, and public proof can compare incompatible score generations.","Version K-score schemas and regenerate fixture reports, or label legacy fixture scores explicitly.","open","benchmark-reproducibility-audit-2026-05-12.md; src/artifact.js; test/fixtures/sample-bench.json"
KCI-108,2026-05-12,P1,Benchmarks,"No-eval/no-ship and bad-artifact-never-written claims are not builder-wide guarantees.","`src/spec-compile.js` accepts zero eval cases with default perfect training stats, and `src/artifact.js` writes the artifact after computing `k_score.ships` without enforcing it.","Signed local artifacts can exist without embedded eval evidence despite public gate language.","Require non-empty evals and enforce the gate in `buildAndZip`, or narrow the claim to curated fixture artifacts.","open","benchmark-reproducibility-matrix-2026-05-12.csv; src/spec-compile.js; src/artifact.js"
KCI-109,2026-05-12,P1,Benchmarks,"Benchmark reference evidence is not canonical across docs and fixtures.","`/benchmarks`, `docs/benchmark-results-v0.1.0.md`, and `test/fixtures/sample-bench.json` publish different sample latency values, and only `sample.kolm` has a checked-in report JSON.","Public benchmark tables can drift while tests stay green and third parties lack a stable diff target.","Generate one machine-readable report per fixture and render public tables from those reports.","open","benchmark-reproducibility-audit-2026-05-12.md; public/benchmarks.html; docs/benchmark-results-v0.1.0.md"
KCI-110,2026-05-12,P1,Security,"Benchmark egress proof is narrower than sovereignty wording implies.","The harness patches selected Node network APIs during recipe execution; it is not an OS-level network sandbox or proof against arbitrary native/subprocess egress.","Security reviewers can reject broad zero-egress claims for untrusted artifacts.","Describe the current control as an in-process Node egress monitor and pair public-untrusted artifacts with sandbox isolation tests.","open","benchmark-reproducibility-matrix-2026-05-12.csv; src/benchmark.js"
KCI-111,2026-05-12,P1,Reproducibility,"Byte-identical artifact claims are contradicted by implementation and benchmark notes.","Product docs claim byte-identical rebuilds, while artifact code writes wall-clock timestamps and random receipt IDs, and benchmark notes say zip bytes are not byte-stable.","A cryptographic reproducibility claim can be disproven from source.","Replace byte-identical rebuild language with captured-hash verification until deterministic packaging exists.","open","benchmark-reproducibility-audit-2026-05-12.md; docs/PRODUCT.md; src/artifact.js"
KCI-112,2026-05-12,P0,Registry,"Public registry review is not enforced by the publish paths.","`POST /v1/public/submit` only inserts `pending_review`; `POST /v1/synthesize`, stream, batch, and `POST /v1/publish` can create rows with `visibility: public` directly.","A public registry cannot be sold as curated or reviewed while direct public publish bypasses the queue.","Make public visibility require approved review state or admin rights; direct tenant publish should create private drafts or pending submissions.","open","src/router.js; src/registry.js"
KCI-113,2026-05-12,P0,Registry,"Manual public publish can self-grade empty evals as perfect.","`POST /v1/publish` calls `verify` then publishes regardless of score; `verify` returns `quality_score: 1` and `runs: 0` for empty evals.","Public entries can carry apparent quality evidence without any test cases.","Require non-empty evals and enforce a public quality gate before publication.","open","src/router.js; src/verifier.js"
KCI-114,2026-05-12,P1,Registry,"Atlas and Leaderboard display K-score/signature claims without response evidence.","Both pages fetch `/v1/public/concepts`; `registry.listConcepts` omits version evaluation and signature fields; the pages hardcode `signed`.","The public UI creates assurance signals that the API response cannot support.","Use a canonical registry schema with verified K-score and signature fields, or remove those badges until evidence exists.","open","public/registry.html; public/leaderboard.html; src/registry.js"
KCI-115,2026-05-12,P1,Registry,"Public registry detail and artifact download paths are incomplete.","Atlas and Leaderboard link to `/registry/{id}`, but `server.js` serves only `/registry` and `/atlas`; public `.kolm` downloads are not exposed from the registry routes.","Users cannot inspect the promised manifest/signature/detail view from the public registry UI.","Implement public detail/download pages or retarget links to supported API-backed views.","open","public/registry.html; public/leaderboard.html; server.js; src/router.js"
KCI-116,2026-05-12,P1,Registry,"Registry export is executable-source distribution without trust metadata.","`GET /v1/registry/export` returns public head-version source and basic metrics but no review status, license, provenance, publisher identity, revocation, artifact hash, receipt, or signature metadata.","SDKs and browsers can cache and run public code without knowing whether it is curated, revoked, licensed, or signed.","Version the export schema and add trust, provenance, license, revocation, and signature evidence fields.","open","src/router.js; public/sdk.js; public/sw.js"
KCI-117,2026-05-12,P1,Docs,"Public registry schemas and docs are split.","Public pages use `/v1/public/concepts`, API docs advertise `/v1/registry/public`, and `/api` says `/v1/registry/export` is NDJSON while code returns a JSON envelope.","Client builders cannot know which public registry contract is authoritative.","Generate API docs, pages, SDKs, and tests from one public registry schema.","open","public/api.html; public/registry.html; public/leaderboard.html; src/router.js"
KCI-118,2026-05-12,P1,Registry,"Boot-seeded public entries are demo concepts, not governed public artifacts.","`server.js` seeds `examples/*.json` into the demo tenant and all checked example files declare `visibility: public`.","A reproducible demo catalog can be mistaken for curated marketplace-grade evidence.","Label seed entries with provenance/trust level and separate demo seeds from reviewed public artifacts.","open","server.js; examples/*.json"
KCI-119,2026-05-12,P1,Tests,"Registry governance is not covered by launch-blocking tests.","`tests/e2e.test.js` only checks unauthenticated public concept listing; SDK tests only assert public submit returns a submission id.","Review bypass, empty-eval public publish, unsupported UI badges, export trust metadata, detail links, revocation, and public-run limits can regress silently.","Add focused registry governance tests and make them part of the required root suite.","open","tests/e2e.test.js; sdk/node/test/sdk.test.mjs; tests/site.test.js"
KCI-120,2026-05-12,P0,Capture,"Capture namespace fields are split across the pipeline.","Provider capture stores `corpus_namespace`, while the captures inbox reads `namespace`; labels and auto-distill read `corpus_namespace`.","The inbox can show proxy captures as `default`, while labels and auto-distill count a different namespace.","Normalize observation namespace fields and add shared readiness tests across inbox, labels, CLI, and auto-distill.","open","capture-distillation-governance-audit-2026-05-12.md; src/router.js"
KCI-121,2026-05-12,P0,Capture,"Keep/discard triage is not binding for labels or distill.","The inbox can mark rows `kept` or `discarded`, but `/v1/labels/synthesize-corpus` and `/v1/specialists/auto-distill` ignore those fields.","Users can discard data in the UI and still export or train on it.","Make kept-only, non-discarded, successful-status rows the default training/export corpus.","open","capture-distillation-governance-matrix-2026-05-12.csv; public/captures.html; src/router.js"
KCI-122,2026-05-12,P1,Capture,"Failed provider calls can become captured training pairs.","Missing upstream provider keys return 401 errors, but capture routes still store an error response observation and labels/auto-distill do not filter by status.","Error messages can pollute exported corpora and readiness thresholds.","Do not record failed provider calls by default, or mark them excluded from training and export.","open","capture-distillation-governance-audit-2026-05-12.md; src/router.js; src/capture.js"
KCI-123,2026-05-12,P1,Capture,"Bridge auto-synthesis does not create a stored concept/version.","`POST /v1/bridges/auto-synthesize` calls `synthesize` directly; `synthesize` returns source/evaluation but no `concept_id`, and the route does not call `createConcept` or `publishVersion`.","The route can report accepted synthesis without creating a reusable stored artifact or lineage id.","Persist a private concept/version or label the response as draft-only source.","open","capture-distillation-governance-matrix-2026-05-12.csv; src/router.js; src/synthesis.js"
KCI-124,2026-05-12,P1,Specialists,"Auto-distill lacks local completion and artifact integration.","The route posts to an external trainer bridge and sends a callback URL, but no callback route, local specialist state transition, compile job, artifact URL, or weights population was found.","A successful external training run may not become a downloadable signed artifact in the app.","Add callback/status routes and connect bridge output to specialist and artifact records before claiming end-to-end distill.","open","capture-distillation-governance-audit-2026-05-12.md; src/router.js; public/api.html"
KCI-125,2026-05-12,P1,Privacy,"Capture retention/hash-only wording is ahead of implementation.","`public/captures.html` says raw bodies age out to hashes only, but capture code stores prompt/response slices and label export returns full captured pairs.","Sensitive prompt/output data retention is a buyer-critical control and must not be implied without implementation.","Implement per-namespace retention and hash-only expiry, or remove the wording.","open","capture-distillation-governance-matrix-2026-05-12.csv; public/captures.html; src/router.js"
KCI-126,2026-05-12,P1,Tune,"Local tune promotion does not yet prove adapter improvement.","`evalRevision` runs the artifact as-is and docs state the adapter does not affect deterministic execution; `promoteRevision` sets the head score equal to the candidate score.","The loop can appear to train/promote while evaluating unchanged behavior.","Block adapter-improvement claims until eval applies the adapter and compares against the previous head.","open","capture-distillation-governance-audit-2026-05-12.md; src/tune.js; docs/TUNE.md"
KCI-127,2026-05-12,P1,Capture,"Capture/distill thresholds are inconsistent across loops.","Bridge auto-synthesis uses 4 observations, local tune watch defaults to 200 rows, auto-distill uses 1,000 pairs, and public pages mix these stories.","Users cannot know when data is sufficient or which loop they are using.","Publish a threshold policy table and wire readiness helpers to that policy.","open","capture-distillation-governance-matrix-2026-05-12.csv; src/router.js; src/tune.js; public/captures.html"
KCI-128,2026-05-12,P1,Tests,"Capture/distill has no launch-blocking route tests.","No tests matched capture proxy routes, bridge observe/synthesize routes, labels export, auto-distill, or tune promotion behavior.","Namespace, triage, retention, bridge, and promotion regressions can ship silently.","Add focused route/unit tests for capture, labels, auto-distill, auto-synthesize, and tune promote.","open","tests/*.test.js; capture-distillation-governance-matrix-2026-05-12.csv"
KCI-129,2026-05-12,P2,Metrics,"Bridge suggestion savings estimates can be inflated.","`/v1/bridges/suggestions` multiplies observed total cost by 30 twice in the monthly savings estimate.","Savings estimates can become a credibility problem if surfaced to users or sales.","Replace with a transparent estimator and unit-test representative traffic scenarios.","open","capture-distillation-governance-matrix-2026-05-12.csv; src/router.js"
KCI-130,2026-05-12,P0,Audit,"Durable tenant audit log is still a beta stub.","`public/audit-log.html` promises per-tenant entries and JSON/CSV exports, while `GET /v1/audit/log` returns 503 `audit_log_beta` with empty entries.","Regulated buyers need customer-visible evidence for data-touching actions, not a static disclosure page.","Implement `audit_events`, event writers, and export routes before claiming shipped audit logs.","open","audit-observability-evidence-audit-2026-05-12.md; public/audit-log.html; src/router.js"
KCI-131,2026-05-12,P1,Audit,"Audit opt-in, export, and event storage are not wired.","No `/v1/account/audit-log` route, audit table, audit writer, or format-specific export path was found.","Users are pointed at missing controls and operators cannot answer basic who-did-what questions from one ledger.","Add the opt-in route or remove it, then centralize audit event writes through one helper.","open","audit-observability-evidence-matrix-2026-05-12.csv; src/store.js; src/router.js"
KCI-132,2026-05-12,P1,Metrics,"Receipt verification telemetry counts successful invocations, not verifier events.","`/v1/telemetry` sets `receipts_verified` equal to the successful invocation-derived `receiptBearingRuns`.","Dashboard metrics can imply independent verification that never happened.","Create receipt verification records and rename legacy fields until they are backed by verifier calls.","open","audit-observability-evidence-audit-2026-05-12.md; src/router.js"
KCI-133,2026-05-12,P1,Metrics,"Receipt opt-out can inflate receipt-bearing run counts.","`/v1/run` accepts `receipt: false`, but runtime invocation logging happens before the route conditionally attaches a receipt.","A caller can skip receipts while telemetry still counts the run as receipt-bearing.","Record receipt issuance after receipt attachment and distinguish opted-out runs.","open","audit-observability-evidence-matrix-2026-05-12.csv; src/router.js; src/runtime.js"
KCI-134,2026-05-12,P1,API,"The documented `code` and `request_id` error contract is not implemented.","`public/api.html` promises structured error fields, but route handlers mostly return bare `{error}` and no request-id middleware was found.","Support, incident response, SDK retries, and customer debugging lack a stable correlation id.","Add request-id middleware and a standard JSON error helper, then generate docs from tested examples.","open","audit-observability-evidence-audit-2026-05-12.md; public/api.html; src/router.js"
KCI-135,2026-05-12,P1,Status,"Status uptime and incident evidence is static or browser-probed.","`public/status.html` hardcodes uptime windows and incidents, while live rows probe endpoints from the viewer's browser.","Static uptime can be mistaken for monitored SLA evidence.","Back `/status` with monitor history and an incident source, or label the current page as a smoke dashboard.","open","audit-observability-evidence-matrix-2026-05-12.csv; public/status.html; public/trust.html"
KCI-136,2026-05-12,P1,Status,"Status readiness rendering expects fields `/ready` does not emit.","`status.html` reads version, uptime, check `public`, and hints, while `/ready` returns status, production_like, and checks with `label`.","The status page can omit useful readiness context or display internal check names.","Align `/ready` schema with the page and add a fixture test.","open","audit-observability-evidence-matrix-2026-05-12.csv; public/status.html; src/router.js; src/env.js"
KCI-137,2026-05-12,P1,Privacy,"Audit-log raw-text and purge wording is ahead of hosted capture behavior.","Audit copy says raw observation text is opt-in and purgeable, while capture stores prompt/response slices automatically and no purge route was found.","Sensitive corpus retention controls can be overstated to buyers.","Separate audit metadata from capture corpus storage and implement purge/retention before using that wording.","open","audit-observability-evidence-audit-2026-05-12.md; public/audit-log.html; src/router.js"
KCI-138,2026-05-12,P1,Audit,"Local artifact audit callbacks include input previews by default.","`runArtifact` emits `input_preview`, and the test asserts the preview includes an email-like input.","Local audit sinks can leak sensitive text if users forward callback payloads to logs.","Add preview redaction/default-off controls and document sink responsibility.","open","audit-observability-evidence-matrix-2026-05-12.csv; src/artifact-runner.js; tests/artifact-end-to-end.test.js"
KCI-139,2026-05-12,P1,Tests,"Audit and observability contracts lack launch-blocking tests.","Existing tests cover telemetry status/count and local audit callback shape, but not audit-log export, opt-in, request ids, receipt metrics, or status readiness schema.","Operational evidence regressions can ship silently while public trust pages look complete.","Add route/static tests for audit, receipt metrics, error envelopes, and status/ready schema.","open","audit-observability-evidence-matrix-2026-05-12.csv; tests/e2e.test.js; tests/site.test.js"
KCI-140,2026-05-12,P0,Recall,"Compile-time Recall chunks are gathered but not used to build the artifact.","`src/compile.js` queries recall chunks and records `recall.done`, but synthesis, eval generation, and packaging do not consume the chunks except for a manifest namespace.","Artifacts can imply corpus grounding without corpus-derived behavior.","Feed chunks into synthesis/evals and package chunk hashes, or label recall as external metadata only.","open","recall-rag-memory-governance-audit-2026-05-12.md; src/compile.js"
KCI-141,2026-05-12,P0,RAG,"Local RAG attach does not expose `lib.rag` in the artifact runner.","`src/rag.js` defines `ragLibFor`, but source search found no runner integration; `compileJs` exposes `pack`, `index`, and `params`.","Recipes documented to call `lib.rag.query` can fail after a successful attach.","Wire `.rag.json` sidecars into `runArtifact` and add a fixture recipe test.","open","recall-rag-memory-governance-matrix-2026-05-12.csv; src/rag.js; src/artifact-runner.js; src/verifier.js"
KCI-142,2026-05-12,P1,Recall,"Compiled artifacts do not embed a populated recall index for corpus namespaces.","Compile passes `recall_namespace` to `buildAndZip`, but no `index` payload is passed by the compile route.","The `index.sqlite-vec` slot can remain empty while public copy says context is embedded in signed artifacts.","Embed KOLMIDX/sqlite-vec content or downgrade artifact-bound recall claims.","open","recall-rag-memory-governance-audit-2026-05-12.md; src/compile.js; src/artifact.js"
KCI-143,2026-05-12,P1,CLI,"`kolm compile --data` is a server-mounted path flow, not a normal hosted upload.","CLI sends `path.resolve(dataDir)` to `/v1/embed`, while the route requires paths to exist on the server under the tenant recall root.","Hosted users can think local data was included when ingest failed and compile continued without corpus.","Separate local compile, upload, and server-mounted modes with explicit failures.","open","recall-rag-memory-governance-matrix-2026-05-12.csv; cli/kolm.js; src/router.js"
KCI-144,2026-05-12,P1,Docs,"Recall and embed API docs drift from route behavior.","`public/api.html` shows `/v1/embed` returning `indexed` and `skipped`, while code returns `tokenized`, `registered`, `embedded`, and `embed_error`; multimodal capability is also dependency-gated.","SDKs and users can build against the wrong ingest contract.","Update docs from tested route fixtures and publish a capability table.","open","recall-rag-memory-governance-matrix-2026-05-12.csv; public/api.html; src/router.js; src/recall.js"
KCI-145,2026-05-12,P1,Security,"Recall source preview needs path and data minimization hardening.","`/v1/recall/sources/:id(*)` uses a less strict string prefix check than embed, returns an absolute sidecar path, and previews up to 4 KB.","A debug view can leak server path shape or sensitive corpus snippets.","Use shared subpath checks, return relative ids, cap reads, and audit source-preview access.","open","recall-rag-memory-governance-audit-2026-05-12.md; src/router.js"
KCI-146,2026-05-12,P1,Privacy,"Recall/RAG lacks deletion, retention, and encryption controls.","Source search found no recall namespace purge/delete route; local indexes store absolute paths and previews in JSON under `~/.kolm/rag`.","Corpus-derived artifacts can persist indefinitely and expose sensitive paths/snippets.","Add recall lifecycle controls and local index privacy flags before regulated claims.","open","recall-rag-memory-governance-matrix-2026-05-12.csv; src/rag.js; services/embed/multimodal.js"
KCI-147,2026-05-12,P1,Claims,"Multimodal vector recall claims are ahead of default implementation.","Public Recall copy names bge-m3, CLIP, Whisper, CLAP, RRF, rerank, and sqlite-vec, while code uses qmd when available, placeholder sidecars otherwise, and local BM25 for `kolm rag`.","Specific model/backend claims can create buyer trust debt.","Scope copy to shipped BM25, preview qmd bridge, placeholder multimodal, and roadmap sqlite-vec.","open","recall-rag-memory-governance-audit-2026-05-12.md; public/recall.html; services/embed/multimodal.js; src/rag.js"
KCI-148,2026-05-12,P1,Tests,"Recall/RAG has no launch-blocking tests.","No tests matched `/v1/recall`, `/v1/embed`, qmd behavior, local RAG, artifact-bound `lib.rag`, source preview, or compile grounding.","Recall and artifact-bound context claims can regress silently.","Add route, unit, CLI, and artifact-runner tests for recall modes.","open","recall-rag-memory-governance-matrix-2026-05-12.csv; tests/*.test.js"
KCI-149,2026-05-12,P2,Memory,"`/v1/memory/recall` is concept search/run, not corpus memory recall.","The route searches the registry with an optional tag and runs matching concepts; it does not query qmd or local RAG.","The name can confuse API docs and product claims about memory.","Rename or document it as concept recall/composition.","open","recall-rag-memory-governance-matrix-2026-05-12.csv; src/router.js"
KCI-150,2026-05-12,P0,Agents,"Public MCP transport and discovery claims are ahead of the artifact MCP server.","Serve and live pages claim SSE, automatic discovery, `.well-known/mcp.json`, bearer exchange, and a `7327` endpoint; `services/mcp/server.js` implements stdio and optional localhost HTTP JSON-RPC on default port 8765.","Agent setup can fail and security reviews can be based on transports that do not exist.","Narrow MCP copy to stdio/local HTTP JSON-RPC or ship tested SSE/discovery/token support.","open","agent-mcp-install-governance-audit-2026-05-12.md; public/serve.html; services/mcp/server.js"
KCI-151,2026-05-12,P0,Security,"MCP runtime calls do not install the benchmark egress monitor.","Agentic-coding copy says the harness patches fetch/http/https/net/tls/dns; MCP `tools/call` invokes `runArtifact` directly, while egress patching lives in `benchmarkArtifact`.","Zero-runtime-egress claims are not proven for the agent path buyers are told to use.","Move egress blocking into `runArtifact` or label the current evidence as benchmark-only.","open","agent-mcp-install-governance-matrix-2026-05-12.csv; services/mcp/server.js; src/artifact-runner.js; src/benchmark.js"
KCI-152,2026-05-12,P0,Receipts,"MCP per-call receipts are unsigned run metadata, not HMAC chains.","`runArtifact` returns `spec: rs-1-run` with artifact job id, recipe id, version id, and timestamp; public serve copy says every answer carries a HMAC-chained receipt.","Audit and procurement claims can overstate local runtime proof.","Design signed local-run receipts or rename the MCP trailer fields as metadata.","open","agent-mcp-install-governance-audit-2026-05-12.md; src/artifact-runner.js; public/serve.html"
KCI-153,2026-05-12,P0,K-score,"MCP discovery gates use K-score values that are not normalized to the public 0..1 contract.","Fixture MCP smoke showed composites like `424.57` while docs and `kolm.yaml` describe gates such as `0.85`; `k_min` compares raw composite values.","Serve-time quality gating can look enforced while using the wrong scale.","Normalize K-score schema, rebuild fixtures, and add `k_min` pass/fail tests.","open","agent-mcp-install-governance-matrix-2026-05-12.csv; services/mcp/server.js; test/fixtures"
KCI-154,2026-05-12,P1,CLI,"Agent templates tell users to run CLI commands that do not exist.","Live Claude and Cursor templates mention `kolm query` and `kolm verify`; root CLI dispatch has `rag query`, `inspect`, `eval`, `run`, and `score`, but no top-level `query` or `verify`.","Claude/Cursor onboarding can fail on first use.","Update templates or add compatibility aliases with tests.","open","agent-mcp-install-governance-matrix-2026-05-12.csv; public/docs/claude-skill.md; public/docs/cursor-rules.txt; cli/kolm.js"
KCI-155,2026-05-12,P1,DevEx,"Harness install docs disagree on config paths and doctor does not verify wiring.","Docs cite several Claude config paths; CLI writes `~/.claude/settings.json`; quickstart says `kolm doctor` verifies wiring, but doctor does not inspect harness config or MCP health.","Users can edit the wrong file and still get a passing doctor output.","Split Claude Desktop/Claude Code docs and add harness checks to doctor.","open","agent-mcp-install-governance-audit-2026-05-12.md; public/docs.html; public/quickstart.html; cli/kolm.js"
KCI-156,2026-05-12,P1,Observability,"MCP `tools/call` is not appended to local run logs despite CLI help saying it is.","`appendRunLog` is called by CLI run and bench paths; source search found no MCP server call to append rows.","Agent activity can be invisible to local operators.","Add MCP log writes or narrow `kolm logs` help text.","open","agent-mcp-install-governance-matrix-2026-05-12.csv; cli/kolm.js; services/mcp/server.js"
KCI-157,2026-05-12,P1,Integrations,"Two different MCP products are present without clear separation.","`sdk/mcp` exposes legacy cloud `recipe_*` tools with `RECIPE_API_KEY`; public integrations emphasize local artifact MCP via `kolm serve --mcp`.","Developers can install the wrong MCP server and send data through an unintended path.","Retire, rename, or clearly label legacy cloud MCP separately from artifact MCP.","open","agent-mcp-install-governance-audit-2026-05-12.md; sdk/mcp/server.mjs; public/integrations.html"
KCI-158,2026-05-12,P1,CI,"The shipped GitHub Action appears out of contract with the current CLI.","The action parses `kolm compile --json` fields and runs `kolm verify`, while the root CLI emits progress text and has no top-level `verify` command.","A public shipped CI integration can fail for new users.","Add an action smoke test and update the action to current CLI outputs.","open","agent-mcp-install-governance-matrix-2026-05-12.csv; .github/actions/kolm-compile/action.yml; cli/kolm.js"
KCI-159,2026-05-12,P1,Tests,"MCP, harness install, sidecar, and doctor behavior lack launch-blocking tests.","Existing tests do not cover MCP methods, install snippets, `kolm.yaml` `k_min`, sidecar tool naming, MCP logging, or docs template commands.","Agent integration regressions can ship silently while public pages label them shipped.","Add MCP stdio/HTTP, install, doctor, sidecar, log, and docs-command tests to CI.","open","agent-mcp-install-governance-matrix-2026-05-12.csv; tests/*.test.js"
KCI-160,2026-05-12,P0,Browser,"The public browser SDK does not parse.","`node --check .\public\sdk.js` fails at `_now()`; the live `/sdk.js` asset shows the same corrupted expression.","Any browser demo, customer import, or SDK pin can fail before runtime code executes.","Fix SDK syntax and add `node --check public/sdk.js` plus import smoke tests to CI.","open","device-offline-browser-governance-matrix-2026-05-12.csv; public/sdk.js; https://kolm.ai/sdk.js"
KCI-161,2026-05-12,P0,Browser,"The current and historical versioned browser SDK assets are broken.","`sdk-current.json` points to `c102c349da28`, and `node --check` failed for `sdk-c102c349da28.js`, `sdk-4d6d60e67927.js`, and `sdk-ef22b94a7a38.js`.","Pinned SDK consumers may have no known-good version in the local manifest.","Regenerate a known-good SDK, mark broken versions deprecated, and block stamping invalid assets.","open","device-offline-browser-governance-matrix-2026-05-12.csv; public/sdk-current.json; scripts/build-sdk-version.js"
KCI-162,2026-05-12,P0,Device,"The live and local device page module script is syntactically invalid.","Extracting the local module script failed `node --check`; live `/device` contains the same broken source-hash and status ternary lines.","The on-device proof page can fail before registry hydration or recipe execution.","Fix `/device` module syntax and parse module scripts in the site test.","open","device-offline-browser-governance-audit-2026-05-12.md; public/device.html; https://kolm.ai/device"
KCI-163,2026-05-12,P0,Browser,"The browser worker sandbox does not parse.","`node --check .\public\recipe-worker.js` and the live worker fetch both fail at the compiled-function cache line.","The intended browser isolation layer cannot initialize.","Fix worker syntax, add worker smoke tests, and avoid worker-sandbox claims until it runs.","open","device-offline-browser-governance-matrix-2026-05-12.csv; public/recipe-worker.js; https://kolm.ai/recipe-worker.js"
KCI-164,2026-05-12,P1,Tests,"Site tests miss the exact browser scripts that are broken.","`tests/site.test.js` skips module inline scripts and external scripts, so it did not catch `/device`, `/sdk.js`, versioned SDKs, or `recipe-worker.js`.","Invalid shipped browser assets can pass CI.","Add external script syntax checks, extracted module checks, and a browser smoke for `/device`.","open","device-offline-browser-governance-matrix-2026-05-12.csv; tests/site.test.js"
KCI-165,2026-05-12,P1,Offline,"The device page's no-network-after-first-load claim is not implemented.","`public/sdk.js` fetches `/v1/registry/export` before falling back to cached localStorage; `public/sw.js` stale-revalidates the same export.","The product describes cache-first offline behavior while shipping network-first with fallback.","Rewrite to cached fallback or implement a cache-first offline mode with explicit sync.","open","device-offline-browser-governance-matrix-2026-05-12.csv; public/sdk.js; public/sw.js; public/device.html"
KCI-166,2026-05-12,P1,PWA,"The `/device` PWA cache and manifest do not prove an installable offline app.","The precache omits `/recipe-worker.js` and `/brand-refresh.css`; the linked manifest starts at `/`, not `/device`; offline-ready UI only checks service-worker registration.","Installed users can open the wrong app shell or lack required runtime assets offline.","Create a device manifest, precache all dependencies, and test offline reload.","open","device-offline-browser-governance-matrix-2026-05-12.csv; public/sw.js; public/manifest.json; public/device.html"
KCI-167,2026-05-12,P1,Receipts,"Browser registry and run proof is hash-only or unsigned, not signed receipt evidence.","Live registry export has source hashes but no signature fields; browser SDK run receipts are local unsigned metadata and server verification is a network call.","Browser proof language can overstate auditability and offline verification.","Add signed registry envelopes and signed browser run receipts, or narrow wording.","open","device-offline-browser-governance-matrix-2026-05-12.csv; public/sdk.js; https://kolm.ai/v1/registry/export"
KCI-168,2026-05-12,P1,Security,"Browser SDK fallback can compile public registry source on the main page.","`public/sdk.js` intends worker compilation but falls back to `new Function('return (' + r.meta.source + ');')()` when no worker is available.","A no-Worker path can bypass the stated worker isolation boundary.","Disable main-thread fallback for public rows or require explicit unsafe mode.","open","device-offline-browser-governance-matrix-2026-05-12.csv; public/sdk.js"
KCI-169,2026-05-12,P1,Positioning,"On-device healthcare/security/whitepaper copy is broader than current browser/native runtime proof.","Security, HIPAA, and whitepaper pages describe offline/on-device/zero-egress target behavior while current browser assets fail and native model/adapter/index bridges remain caveated.","Regulated buyers need proof links, not architecture aspirations, for local-data claims.","Tie every on-device claim to a passing artifact/browser proof or mark it as target architecture.","open","device-offline-browser-governance-audit-2026-05-12.md; public/security.html; public/articles/hipaa-on-device.html; public/whitepaper.html"
